name,price,image
욕실슬리퍼_리틀라이언,"13,000원",https://t1.daumcdn.net/friends/prod/product/20201111154648706_8809721505977_AW_00.jpg?type=thumb&opt=R255x255@2xa
욕실슬리퍼_리틀어피치,"13,000원",https://t1.daumcdn.net/friends/prod/product/20201111154801615_8809721505984_AW_00.jpg?type=thumb&opt=R255x255@2xa
크리스마스트리 피규어키링_어피치,"10,000원",https://t1.daumcdn.net/friends/prod/product/20201109165917560_8809721506356_AW_00.jpg?type=thumb&opt=R255x255@2xa
클래식 미니크로스백_라이언,"49,000원",https://t1.daumcdn.net/friends/prod/product/20201104185242034_8809721506097_AW_00.jpg?type=thumb&opt=R255x255@2xa
클래식 중지갑_라이언,"44,000원",https://t1.daumcdn.net/friends/prod/product/20201104185141520_8809721506059_AW_00.jpg?type=thumb&opt=R255x255@2xa
클래식 중지갑_어피치,"44,000원",https://t1.daumcdn.net/friends/prod/product/20201104185152623_8809721506066_AW_00.jpg?type=thumb&opt=R255x255@2xa
클래식 지퍼카드지갑_라이언,"27,000원",https://t1.daumcdn.net/friends/prod/product/20201104185208837_8809721506073_AW_00.jpg?type=thumb&opt=R255x255@2xa
클래식 입체카드지갑_어피치,"27,000원",https://t1.daumcdn.net/friends/prod/product/20201104185228388_8809721506080_AW_00.jpg?type=thumb&opt=R255x255@2xa
포근한 털슬리퍼_라이언,"29,000원",https://t1.daumcdn.net/friends/prod/product/20201020152959403_8809721505755_AW_00.jpg?type=thumb&opt=R255x255@2xa
포근한 털슬리퍼_어피치,"29,000원",https://t1.daumcdn.net/friends/prod/product/20201020153058239_8809721505762_AW_00.jpg?type=thumb&opt=R255x255@2xa
슬라이드 슬리퍼_아이앱스튜디오,"37,000원",https://t1.daumcdn.net/friends/prod/product/20201019155344045_8809721506523_AW_00.jpg?type=thumb&opt=R255x255@2xa
코튼프렌즈 부클슬리퍼_리틀라이언,"24,000원",https://t1.daumcdn.net/friends/prod/product/20201021122046606_8809721505724_AW_00.jpg?type=thumb&opt=R255x255@2xa
코튼프렌즈 부클슬리퍼_리틀어피치,"24,000원",https://t1.daumcdn.net/friends/prod/product/20201021122146705_8809721505731_AW_00.jpg?type=thumb&opt=R255x255@2xa
부클미니백_코끼리어피치,"29,000원",https://t1.daumcdn.net/friends/prod/product/20201021122343561_8809721505281_AW_00.jpg?type=thumb&opt=R255x255@2xa
부클파우치_코끼리어피치,"17,000원",https://t1.daumcdn.net/friends/prod/product/20201021122433863_8809721505298_AW_00.jpg?type=thumb&opt=R255x255@2xa
런던에디션 하트유니언잭키링_라이언,"18,000원",https://t1.daumcdn.net/friends/prod/product/20201021170716306_8809721504239_AW_00.jpg?type=thumb&opt=R255x255@2xa
런던에디션 하트유니언잭키링_어피치,"18,000원",https://t1.daumcdn.net/friends/prod/product/20201021170850056_8809721504246_AW_00.jpg?type=thumb&opt=R255x255@2xa
런던에디션 에코백_근위병라이언,"16,000원",https://t1.daumcdn.net/friends/prod/product/20201019143337722_8809721504307_AW_00.jpg?type=thumb&opt=R255x255@2xa
동전지갑_붕어빵라이언,"12,000원",https://t1.daumcdn.net/friends/prod/product/20201012144344954_8809721505328_AW_00.jpg?type=thumb&opt=R255x255@2xa
동전지갑_고구마어피치,"12,000원",https://t1.daumcdn.net/friends/prod/product/20201012144352844_8809721505335_AW_00.jpg?type=thumb&opt=R255x255@2xa
소프트거울_리틀라이언,"10,000원",https://t1.daumcdn.net/friends/prod/product/20201012150806855_8809721505304_AW_00.jpg?type=thumb&opt=R255x255@2xa
소프트거울_리틀어피치,"10,000원",https://t1.daumcdn.net/friends/prod/product/20201012150823675_8809721505311_AW_00.jpg?type=thumb&opt=R255x255@2xa
에어팟프로케이스 핑거링세트_붕어빵라이언,"18,000원",https://t1.daumcdn.net/friends/prod/product/20201013164648437_8809721505342_AW_00.jpg?type=thumb&opt=R255x255@2xa
마스크_붕어빵라이언,"12,000원",https://t1.daumcdn.net/friends/prod/product/20201012180552929_8809721505397_AW_00.jpg?type=thumb&opt=R255x255@2xa
마스크_만두어피치,"12,000원",https://t1.daumcdn.net/friends/prod/product/20201012180642486_8809721505403_AW_00.jpg?type=thumb&opt=R255x255@2xa
터치장갑_붕어빵라이언,"18,000원",https://t1.daumcdn.net/friends/prod/product/20201012180736994_8809721505373_AW_00.jpg?type=thumb&opt=R255x255@2xa
터치장갑_만두어피치,"18,000원",https://t1.daumcdn.net/friends/prod/product/20201012180837688_8809721505380_AW_00.jpg?type=thumb&opt=R255x255@2xa
커버 장갑 리틀라이언,"24,000원",https://t1.daumcdn.net/friends/prod/product/20201012180926494_8809721505410_AW_00.jpg?type=thumb&opt=R255x255@2xa
커버 장갑 리틀어피치,"24,000원",https://t1.daumcdn.net/friends/prod/product/20201012181039586_8809721505427_AW_00.jpg?type=thumb&opt=R255x255@2xa
러블리어피치 인형 슬리퍼,"28,000원",https://t1.daumcdn.net/friends/prod/product/20200924184032622_8809721503799_AW_00.jpg?type=thumb&opt=R255x255@2xa
러블리어피치 피규어키링_행성어피치,"10,000원",https://t1.daumcdn.net/friends/prod/product/20201005173328581_8809721504062_AW_00.jpg?type=thumb&opt=R255x255@2xa
러블리어피치 피규어키링_수줍어피치,"10,000원",https://t1.daumcdn.net/friends/prod/product/20201005173416281_8809721504079_AW_00.jpg?type=thumb&opt=R255x255@2xa
러블리어피치 안경클리너,"3,500원",https://t1.daumcdn.net/friends/prod/product/20200924184400467_8809721504987_AW_00.jpg?type=thumb&opt=R255x255@2xa
러블리어피치 동전지갑,"12,000원",https://t1.daumcdn.net/friends/prod/product/20200924184416308_8809721503485_AW_00.jpg?type=thumb&opt=R255x255@2xa
러블리어피치 에어팟케이스 글리터,"15,000원",https://t1.daumcdn.net/friends/prod/product/20200921174757140_8809721503522_AW_00.jpg?type=thumb&opt=R255x255@2xa
러블리어피치 에어팟프로케이스 글리터,"15,000원",https://t1.daumcdn.net/friends/prod/product/20200921174912378_8809721503539_AW_00.jpg?type=thumb&opt=R255x255@2xa
러블리어피치 에어팟키링 양어피치,"22,000원",https://t1.daumcdn.net/friends/prod/product/20200921175019393_8809721503508_AW_00.jpg?type=thumb&opt=R255x255@2xa
러블리어피치 에어팟키링 행성어피치,"22,000원",https://t1.daumcdn.net/friends/prod/product/20200921175115732_8809721503515_AW_00.jpg?type=thumb&opt=R255x255@2xa
블랙에어팟케이스_죠르디,"13,000원",https://t1.daumcdn.net/friends/prod/product/20200916120214332_8809721504444_AW_00.jpg?type=thumb&opt=R255x255@2xa
블랙에어팟프로케이스_죠르디,"13,000원",https://t1.daumcdn.net/friends/prod/product/20200916120352392_8809721504451_AW_00.jpg?type=thumb&opt=R255x255@2xa
욕실슬리퍼_리틀라이언,"13,000원",https://t1.daumcdn.net/friends/prod/product/20201111154648706_8809721505977_AW_00.jpg?type=thumb&opt=R255x255@2xa
욕실슬리퍼_리틀어피치,"13,000원",https://t1.daumcdn.net/friends/prod/product/20201111154801615_8809721505984_AW_00.jpg?type=thumb&opt=R255x255@2xa
크리스마스트리 피규어키링_어피치,"10,000원",https://t1.daumcdn.net/friends/prod/product/20201109165917560_8809721506356_AW_00.jpg?type=thumb&opt=R255x255@2xa
클래식 미니크로스백_라이언,"49,000원",https://t1.daumcdn.net/friends/prod/product/20201104185242034_8809721506097_AW_00.jpg?type=thumb&opt=R255x255@2xa
클래식 중지갑_라이언,"44,000원",https://t1.daumcdn.net/friends/prod/product/20201104185141520_8809721506059_AW_00.jpg?type=thumb&opt=R255x255@2xa
클래식 중지갑_어피치,"44,000원",https://t1.daumcdn.net/friends/prod/product/20201104185152623_8809721506066_AW_00.jpg?type=thumb&opt=R255x255@2xa
클래식 지퍼카드지갑_라이언,"27,000원",https://t1.daumcdn.net/friends/prod/product/20201104185208837_8809721506073_AW_00.jpg?type=thumb&opt=R255x255@2xa
클래식 입체카드지갑_어피치,"27,000원",https://t1.daumcdn.net/friends/prod/product/20201104185228388_8809721506080_AW_00.jpg?type=thumb&opt=R255x255@2xa
포근한 털슬리퍼_라이언,"29,000원",https://t1.daumcdn.net/friends/prod/product/20201020152959403_8809721505755_AW_00.jpg?type=thumb&opt=R255x255@2xa
포근한 털슬리퍼_어피치,"29,000원",https://t1.daumcdn.net/friends/prod/product/20201020153058239_8809721505762_AW_00.jpg?type=thumb&opt=R255x255@2xa
슬라이드 슬리퍼_아이앱스튜디오,"37,000원",https://t1.daumcdn.net/friends/prod/product/20201019155344045_8809721506523_AW_00.jpg?type=thumb&opt=R255x255@2xa
코튼프렌즈 부클슬리퍼_리틀라이언,"24,000원",https://t1.daumcdn.net/friends/prod/product/20201021122046606_8809721505724_AW_00.jpg?type=thumb&opt=R255x255@2xa
코튼프렌즈 부클슬리퍼_리틀어피치,"24,000원",https://t1.daumcdn.net/friends/prod/product/20201021122146705_8809721505731_AW_00.jpg?type=thumb&opt=R255x255@2xa
부클미니백_코끼리어피치,"29,000원",https://t1.daumcdn.net/friends/prod/product/20201021122343561_8809721505281_AW_00.jpg?type=thumb&opt=R255x255@2xa
부클파우치_코끼리어피치,"17,000원",https://t1.daumcdn.net/friends/prod/product/20201021122433863_8809721505298_AW_00.jpg?type=thumb&opt=R255x255@2xa
런던에디션 하트유니언잭키링_라이언,"18,000원",https://t1.daumcdn.net/friends/prod/product/20201021170716306_8809721504239_AW_00.jpg?type=thumb&opt=R255x255@2xa
런던에디션 하트유니언잭키링_어피치,"18,000원",https://t1.daumcdn.net/friends/prod/product/20201021170850056_8809721504246_AW_00.jpg?type=thumb&opt=R255x255@2xa
런던에디션 에코백_근위병라이언,"16,000원",https://t1.daumcdn.net/friends/prod/product/20201019143337722_8809721504307_AW_00.jpg?type=thumb&opt=R255x255@2xa
동전지갑_붕어빵라이언,"12,000원",https://t1.daumcdn.net/friends/prod/product/20201012144344954_8809721505328_AW_00.jpg?type=thumb&opt=R255x255@2xa
동전지갑_고구마어피치,"12,000원",https://t1.daumcdn.net/friends/prod/product/20201012144352844_8809721505335_AW_00.jpg?type=thumb&opt=R255x255@2xa
소프트거울_리틀라이언,"10,000원",https://t1.daumcdn.net/friends/prod/product/20201012150806855_8809721505304_AW_00.jpg?type=thumb&opt=R255x255@2xa
소프트거울_리틀어피치,"10,000원",https://t1.daumcdn.net/friends/prod/product/20201012150823675_8809721505311_AW_00.jpg?type=thumb&opt=R255x255@2xa
에어팟프로케이스 핑거링세트_붕어빵라이언,"18,000원",https://t1.daumcdn.net/friends/prod/product/20201013164648437_8809721505342_AW_00.jpg?type=thumb&opt=R255x255@2xa
마스크_붕어빵라이언,"12,000원",https://t1.daumcdn.net/friends/prod/product/20201012180552929_8809721505397_AW_00.jpg?type=thumb&opt=R255x255@2xa
마스크_만두어피치,"12,000원",https://t1.daumcdn.net/friends/prod/product/20201012180642486_8809721505403_AW_00.jpg?type=thumb&opt=R255x255@2xa
터치장갑_붕어빵라이언,"18,000원",https://t1.daumcdn.net/friends/prod/product/20201012180736994_8809721505373_AW_00.jpg?type=thumb&opt=R255x255@2xa
터치장갑_만두어피치,"18,000원",https://t1.daumcdn.net/friends/prod/product/20201012180837688_8809721505380_AW_00.jpg?type=thumb&opt=R255x255@2xa
커버 장갑 리틀라이언,"24,000원",https://t1.daumcdn.net/friends/prod/product/20201012180926494_8809721505410_AW_00.jpg?type=thumb&opt=R255x255@2xa
커버 장갑 리틀어피치,"24,000원",https://t1.daumcdn.net/friends/prod/product/20201012181039586_8809721505427_AW_00.jpg?type=thumb&opt=R255x255@2xa
러블리어피치 인형 슬리퍼,"28,000원",https://t1.daumcdn.net/friends/prod/product/20200924184032622_8809721503799_AW_00.jpg?type=thumb&opt=R255x255@2xa
러블리어피치 피규어키링_행성어피치,"10,000원",https://t1.daumcdn.net/friends/prod/product/20201005173328581_8809721504062_AW_00.jpg?type=thumb&opt=R255x255@2xa
러블리어피치 피규어키링_수줍어피치,"10,000원",https://t1.daumcdn.net/friends/prod/product/20201005173416281_8809721504079_AW_00.jpg?type=thumb&opt=R255x255@2xa
러블리어피치 안경클리너,"3,500원",https://t1.daumcdn.net/friends/prod/product/20200924184400467_8809721504987_AW_00.jpg?type=thumb&opt=R255x255@2xa
러블리어피치 동전지갑,"12,000원",https://t1.daumcdn.net/friends/prod/product/20200924184416308_8809721503485_AW_00.jpg?type=thumb&opt=R255x255@2xa
러블리어피치 에어팟케이스 글리터,"15,000원",https://t1.daumcdn.net/friends/prod/product/20200921174757140_8809721503522_AW_00.jpg?type=thumb&opt=R255x255@2xa
러블리어피치 에어팟프로케이스 글리터,"15,000원",https://t1.daumcdn.net/friends/prod/product/20200921174912378_8809721503539_AW_00.jpg?type=thumb&opt=R255x255@2xa
러블리어피치 에어팟키링 양어피치,"22,000원",https://t1.daumcdn.net/friends/prod/product/20200921175019393_8809721503508_AW_00.jpg?type=thumb&opt=R255x255@2xa
러블리어피치 에어팟키링 행성어피치,"22,000원",https://t1.daumcdn.net/friends/prod/product/20200921175115732_8809721503515_AW_00.jpg?type=thumb&opt=R255x255@2xa
블랙에어팟케이스_죠르디,"13,000원",https://t1.daumcdn.net/friends/prod/product/20200916120214332_8809721504444_AW_00.jpg?type=thumb&opt=R255x255@2xa
블랙에어팟프로케이스_죠르디,"13,000원",https://t1.daumcdn.net/friends/prod/product/20200916120352392_8809721504451_AW_00.jpg?type=thumb&opt=R255x255@2xa
욕실슬리퍼_리틀라이언,"13,000원",https://t1.daumcdn.net/friends/prod/product/20201111154648706_8809721505977_AW_00.jpg?type=thumb&opt=R255x255@2xa
욕실슬리퍼_리틀어피치,"13,000원",https://t1.daumcdn.net/friends/prod/product/20201111154801615_8809721505984_AW_00.jpg?type=thumb&opt=R255x255@2xa
크리스마스트리 피규어키링_어피치,"10,000원",https://t1.daumcdn.net/friends/prod/product/20201109165917560_8809721506356_AW_00.jpg?type=thumb&opt=R255x255@2xa
클래식 미니크로스백_라이언,"49,000원",https://t1.daumcdn.net/friends/prod/product/20201104185242034_8809721506097_AW_00.jpg?type=thumb&opt=R255x255@2xa
클래식 중지갑_라이언,"44,000원",https://t1.daumcdn.net/friends/prod/product/20201104185141520_8809721506059_AW_00.jpg?type=thumb&opt=R255x255@2xa
클래식 중지갑_어피치,"44,000원",https://t1.daumcdn.net/friends/prod/product/20201104185152623_8809721506066_AW_00.jpg?type=thumb&opt=R255x255@2xa
클래식 지퍼카드지갑_라이언,"27,000원",https://t1.daumcdn.net/friends/prod/product/20201104185208837_8809721506073_AW_00.jpg?type=thumb&opt=R255x255@2xa
클래식 입체카드지갑_어피치,"27,000원",https://t1.daumcdn.net/friends/prod/product/20201104185228388_8809721506080_AW_00.jpg?type=thumb&opt=R255x255@2xa
포근한 털슬리퍼_라이언,"29,000원",https://t1.daumcdn.net/friends/prod/product/20201020152959403_8809721505755_AW_00.jpg?type=thumb&opt=R255x255@2xa
포근한 털슬리퍼_어피치,"29,000원",https://t1.daumcdn.net/friends/prod/product/20201020153058239_8809721505762_AW_00.jpg?type=thumb&opt=R255x255@2xa
슬라이드 슬리퍼_아이앱스튜디오,"37,000원",https://t1.daumcdn.net/friends/prod/product/20201019155344045_8809721506523_AW_00.jpg?type=thumb&opt=R255x255@2xa
코튼프렌즈 부클슬리퍼_리틀라이언,"24,000원",https://t1.daumcdn.net/friends/prod/product/20201021122046606_8809721505724_AW_00.jpg?type=thumb&opt=R255x255@2xa
코튼프렌즈 부클슬리퍼_리틀어피치,"24,000원",https://t1.daumcdn.net/friends/prod/product/20201021122146705_8809721505731_AW_00.jpg?type=thumb&opt=R255x255@2xa
부클미니백_코끼리어피치,"29,000원",https://t1.daumcdn.net/friends/prod/product/20201021122343561_8809721505281_AW_00.jpg?type=thumb&opt=R255x255@2xa
부클파우치_코끼리어피치,"17,000원",https://t1.daumcdn.net/friends/prod/product/20201021122433863_8809721505298_AW_00.jpg?type=thumb&opt=R255x255@2xa
런던에디션 하트유니언잭키링_라이언,"18,000원",https://t1.daumcdn.net/friends/prod/product/20201021170716306_8809721504239_AW_00.jpg?type=thumb&opt=R255x255@2xa
런던에디션 하트유니언잭키링_어피치,"18,000원",https://t1.daumcdn.net/friends/prod/product/20201021170850056_8809721504246_AW_00.jpg?type=thumb&opt=R255x255@2xa
런던에디션 에코백_근위병라이언,"16,000원",https://t1.daumcdn.net/friends/prod/product/20201019143337722_8809721504307_AW_00.jpg?type=thumb&opt=R255x255@2xa
동전지갑_붕어빵라이언,"12,000원",https://t1.daumcdn.net/friends/prod/product/20201012144344954_8809721505328_AW_00.jpg?type=thumb&opt=R255x255@2xa
동전지갑_고구마어피치,"12,000원",https://t1.daumcdn.net/friends/prod/product/20201012144352844_8809721505335_AW_00.jpg?type=thumb&opt=R255x255@2xa
소프트거울_리틀라이언,"10,000원",https://t1.daumcdn.net/friends/prod/product/20201012150806855_8809721505304_AW_00.jpg?type=thumb&opt=R255x255@2xa
소프트거울_리틀어피치,"10,000원",https://t1.daumcdn.net/friends/prod/product/20201012150823675_8809721505311_AW_00.jpg?type=thumb&opt=R255x255@2xa
에어팟프로케이스 핑거링세트_붕어빵라이언,"18,000원",https://t1.daumcdn.net/friends/prod/product/20201013164648437_8809721505342_AW_00.jpg?type=thumb&opt=R255x255@2xa
마스크_붕어빵라이언,"12,000원",https://t1.daumcdn.net/friends/prod/product/20201012180552929_8809721505397_AW_00.jpg?type=thumb&opt=R255x255@2xa
마스크_만두어피치,"12,000원",https://t1.daumcdn.net/friends/prod/product/20201012180642486_8809721505403_AW_00.jpg?type=thumb&opt=R255x255@2xa
터치장갑_붕어빵라이언,"18,000원",https://t1.daumcdn.net/friends/prod/product/20201012180736994_8809721505373_AW_00.jpg?type=thumb&opt=R255x255@2xa
터치장갑_만두어피치,"18,000원",https://t1.daumcdn.net/friends/prod/product/20201012180837688_8809721505380_AW_00.jpg?type=thumb&opt=R255x255@2xa
커버 장갑 리틀라이언,"24,000원",https://t1.daumcdn.net/friends/prod/product/20201012180926494_8809721505410_AW_00.jpg?type=thumb&opt=R255x255@2xa
커버 장갑 리틀어피치,"24,000원",https://t1.daumcdn.net/friends/prod/product/20201012181039586_8809721505427_AW_00.jpg?type=thumb&opt=R255x255@2xa
러블리어피치 인형 슬리퍼,"28,000원",https://t1.daumcdn.net/friends/prod/product/20200924184032622_8809721503799_AW_00.jpg?type=thumb&opt=R255x255@2xa
러블리어피치 피규어키링_행성어피치,"10,000원",https://t1.daumcdn.net/friends/prod/product/20201005173328581_8809721504062_AW_00.jpg?type=thumb&opt=R255x255@2xa
러블리어피치 피규어키링_수줍어피치,"10,000원",https://t1.daumcdn.net/friends/prod/product/20201005173416281_8809721504079_AW_00.jpg?type=thumb&opt=R255x255@2xa
러블리어피치 안경클리너,"3,500원",https://t1.daumcdn.net/friends/prod/product/20200924184400467_8809721504987_AW_00.jpg?type=thumb&opt=R255x255@2xa
러블리어피치 동전지갑,"12,000원",https://t1.daumcdn.net/friends/prod/product/20200924184416308_8809721503485_AW_00.jpg?type=thumb&opt=R255x255@2xa
러블리어피치 에어팟케이스 글리터,"15,000원",https://t1.daumcdn.net/friends/prod/product/20200921174757140_8809721503522_AW_00.jpg?type=thumb&opt=R255x255@2xa
러블리어피치 에어팟프로케이스 글리터,"15,000원",https://t1.daumcdn.net/friends/prod/product/20200921174912378_8809721503539_AW_00.jpg?type=thumb&opt=R255x255@2xa
러블리어피치 에어팟키링 양어피치,"22,000원",https://t1.daumcdn.net/friends/prod/product/20200921175019393_8809721503508_AW_00.jpg?type=thumb&opt=R255x255@2xa
러블리어피치 에어팟키링 행성어피치,"22,000원",https://t1.daumcdn.net/friends/prod/product/20200921175115732_8809721503515_AW_00.jpg?type=thumb&opt=R255x255@2xa
블랙에어팟케이스_죠르디,"13,000원",https://t1.daumcdn.net/friends/prod/product/20200916120214332_8809721504444_AW_00.jpg?type=thumb&opt=R255x255@2xa
블랙에어팟프로케이스_죠르디,"13,000원",https://t1.daumcdn.net/friends/prod/product/20200916120352392_8809721504451_AW_00.jpg?type=thumb&opt=R255x255@2xa
욕실슬리퍼_리틀라이언,"13,000원",https://t1.daumcdn.net/friends/prod/product/20201111154648706_8809721505977_AW_00.jpg?type=thumb&opt=R255x255@2xa
욕실슬리퍼_리틀어피치,"13,000원",https://t1.daumcdn.net/friends/prod/product/20201111154801615_8809721505984_AW_00.jpg?type=thumb&opt=R255x255@2xa
크리스마스트리 피규어키링_어피치,"10,000원",https://t1.daumcdn.net/friends/prod/product/20201109165917560_8809721506356_AW_00.jpg?type=thumb&opt=R255x255@2xa
클래식 미니크로스백_라이언,"49,000원",https://t1.daumcdn.net/friends/prod/product/20201104185242034_8809721506097_AW_00.jpg?type=thumb&opt=R255x255@2xa
클래식 중지갑_라이언,"44,000원",https://t1.daumcdn.net/friends/prod/product/20201104185141520_8809721506059_AW_00.jpg?type=thumb&opt=R255x255@2xa
클래식 중지갑_어피치,"44,000원",https://t1.daumcdn.net/friends/prod/product/20201104185152623_8809721506066_AW_00.jpg?type=thumb&opt=R255x255@2xa
클래식 지퍼카드지갑_라이언,"27,000원",https://t1.daumcdn.net/friends/prod/product/20201104185208837_8809721506073_AW_00.jpg?type=thumb&opt=R255x255@2xa
클래식 입체카드지갑_어피치,"27,000원",https://t1.daumcdn.net/friends/prod/product/20201104185228388_8809721506080_AW_00.jpg?type=thumb&opt=R255x255@2xa
포근한 털슬리퍼_라이언,"29,000원",https://t1.daumcdn.net/friends/prod/product/20201020152959403_8809721505755_AW_00.jpg?type=thumb&opt=R255x255@2xa
포근한 털슬리퍼_어피치,"29,000원",https://t1.daumcdn.net/friends/prod/product/20201020153058239_8809721505762_AW_00.jpg?type=thumb&opt=R255x255@2xa
슬라이드 슬리퍼_아이앱스튜디오,"37,000원",https://t1.daumcdn.net/friends/prod/product/20201019155344045_8809721506523_AW_00.jpg?type=thumb&opt=R255x255@2xa
코튼프렌즈 부클슬리퍼_리틀라이언,"24,000원",https://t1.daumcdn.net/friends/prod/product/20201021122046606_8809721505724_AW_00.jpg?type=thumb&opt=R255x255@2xa
코튼프렌즈 부클슬리퍼_리틀어피치,"24,000원",https://t1.daumcdn.net/friends/prod/product/20201021122146705_8809721505731_AW_00.jpg?type=thumb&opt=R255x255@2xa
부클미니백_코끼리어피치,"29,000원",https://t1.daumcdn.net/friends/prod/product/20201021122343561_8809721505281_AW_00.jpg?type=thumb&opt=R255x255@2xa
부클파우치_코끼리어피치,"17,000원",https://t1.daumcdn.net/friends/prod/product/20201021122433863_8809721505298_AW_00.jpg?type=thumb&opt=R255x255@2xa
런던에디션 하트유니언잭키링_라이언,"18,000원",https://t1.daumcdn.net/friends/prod/product/20201021170716306_8809721504239_AW_00.jpg?type=thumb&opt=R255x255@2xa
런던에디션 하트유니언잭키링_어피치,"18,000원",https://t1.daumcdn.net/friends/prod/product/20201021170850056_8809721504246_AW_00.jpg?type=thumb&opt=R255x255@2xa
런던에디션 에코백_근위병라이언,"16,000원",https://t1.daumcdn.net/friends/prod/product/20201019143337722_8809721504307_AW_00.jpg?type=thumb&opt=R255x255@2xa
동전지갑_붕어빵라이언,"12,000원",https://t1.daumcdn.net/friends/prod/product/20201012144344954_8809721505328_AW_00.jpg?type=thumb&opt=R255x255@2xa
동전지갑_고구마어피치,"12,000원",https://t1.daumcdn.net/friends/prod/product/20201012144352844_8809721505335_AW_00.jpg?type=thumb&opt=R255x255@2xa
소프트거울_리틀라이언,"10,000원",https://t1.daumcdn.net/friends/prod/product/20201012150806855_8809721505304_AW_00.jpg?type=thumb&opt=R255x255@2xa
소프트거울_리틀어피치,"10,000원",https://t1.daumcdn.net/friends/prod/product/20201012150823675_8809721505311_AW_00.jpg?type=thumb&opt=R255x255@2xa
에어팟프로케이스 핑거링세트_붕어빵라이언,"18,000원",https://t1.daumcdn.net/friends/prod/product/20201013164648437_8809721505342_AW_00.jpg?type=thumb&opt=R255x255@2xa
마스크_붕어빵라이언,"12,000원",https://t1.daumcdn.net/friends/prod/product/20201012180552929_8809721505397_AW_00.jpg?type=thumb&opt=R255x255@2xa
마스크_만두어피치,"12,000원",https://t1.daumcdn.net/friends/prod/product/20201012180642486_8809721505403_AW_00.jpg?type=thumb&opt=R255x255@2xa
터치장갑_붕어빵라이언,"18,000원",https://t1.daumcdn.net/friends/prod/product/20201012180736994_8809721505373_AW_00.jpg?type=thumb&opt=R255x255@2xa
터치장갑_만두어피치,"18,000원",https://t1.daumcdn.net/friends/prod/product/20201012180837688_8809721505380_AW_00.jpg?type=thumb&opt=R255x255@2xa
커버 장갑 리틀라이언,"24,000원",https://t1.daumcdn.net/friends/prod/product/20201012180926494_8809721505410_AW_00.jpg?type=thumb&opt=R255x255@2xa
커버 장갑 리틀어피치,"24,000원",https://t1.daumcdn.net/friends/prod/product/20201012181039586_8809721505427_AW_00.jpg?type=thumb&opt=R255x255@2xa
러블리어피치 인형 슬리퍼,"28,000원",https://t1.daumcdn.net/friends/prod/product/20200924184032622_8809721503799_AW_00.jpg?type=thumb&opt=R255x255@2xa
러블리어피치 피규어키링_행성어피치,"10,000원",https://t1.daumcdn.net/friends/prod/product/20201005173328581_8809721504062_AW_00.jpg?type=thumb&opt=R255x255@2xa
러블리어피치 피규어키링_수줍어피치,"10,000원",https://t1.daumcdn.net/friends/prod/product/20201005173416281_8809721504079_AW_00.jpg?type=thumb&opt=R255x255@2xa
러블리어피치 안경클리너,"3,500원",https://t1.daumcdn.net/friends/prod/product/20200924184400467_8809721504987_AW_00.jpg?type=thumb&opt=R255x255@2xa
러블리어피치 동전지갑,"12,000원",https://t1.daumcdn.net/friends/prod/product/20200924184416308_8809721503485_AW_00.jpg?type=thumb&opt=R255x255@2xa
러블리어피치 에어팟케이스 글리터,"15,000원",https://t1.daumcdn.net/friends/prod/product/20200921174757140_8809721503522_AW_00.jpg?type=thumb&opt=R255x255@2xa
러블리어피치 에어팟프로케이스 글리터,"15,000원",https://t1.daumcdn.net/friends/prod/product/20200921174912378_8809721503539_AW_00.jpg?type=thumb&opt=R255x255@2xa
러블리어피치 에어팟키링 양어피치,"22,000원",https://t1.daumcdn.net/friends/prod/product/20200921175019393_8809721503508_AW_00.jpg?type=thumb&opt=R255x255@2xa
러블리어피치 에어팟키링 행성어피치,"22,000원",https://t1.daumcdn.net/friends/prod/product/20200921175115732_8809721503515_AW_00.jpg?type=thumb&opt=R255x255@2xa
블랙에어팟케이스_죠르디,"13,000원",https://t1.daumcdn.net/friends/prod/product/20200916120214332_8809721504444_AW_00.jpg?type=thumb&opt=R255x255@2xa
블랙에어팟프로케이스_죠르디,"13,000원",https://t1.daumcdn.net/friends/prod/product/20200916120352392_8809721504451_AW_00.jpg?type=thumb&opt=R255x255@2xa
욕실슬리퍼_리틀라이언,"13,000원",https://t1.daumcdn.net/friends/prod/product/20201111154648706_8809721505977_AW_00.jpg?type=thumb&opt=R255x255@2xa
욕실슬리퍼_리틀어피치,"13,000원",https://t1.daumcdn.net/friends/prod/product/20201111154801615_8809721505984_AW_00.jpg?type=thumb&opt=R255x255@2xa
크리스마스트리 피규어키링_어피치,"10,000원",https://t1.daumcdn.net/friends/prod/product/20201109165917560_8809721506356_AW_00.jpg?type=thumb&opt=R255x255@2xa
클래식 미니크로스백_라이언,"49,000원",https://t1.daumcdn.net/friends/prod/product/20201104185242034_8809721506097_AW_00.jpg?type=thumb&opt=R255x255@2xa
클래식 중지갑_라이언,"44,000원",https://t1.daumcdn.net/friends/prod/product/20201104185141520_8809721506059_AW_00.jpg?type=thumb&opt=R255x255@2xa
클래식 중지갑_어피치,"44,000원",https://t1.daumcdn.net/friends/prod/product/20201104185152623_8809721506066_AW_00.jpg?type=thumb&opt=R255x255@2xa
클래식 지퍼카드지갑_라이언,"27,000원",https://t1.daumcdn.net/friends/prod/product/20201104185208837_8809721506073_AW_00.jpg?type=thumb&opt=R255x255@2xa
클래식 입체카드지갑_어피치,"27,000원",https://t1.daumcdn.net/friends/prod/product/20201104185228388_8809721506080_AW_00.jpg?type=thumb&opt=R255x255@2xa
포근한 털슬리퍼_라이언,"29,000원",https://t1.daumcdn.net/friends/prod/product/20201020152959403_8809721505755_AW_00.jpg?type=thumb&opt=R255x255@2xa
포근한 털슬리퍼_어피치,"29,000원",https://t1.daumcdn.net/friends/prod/product/20201020153058239_8809721505762_AW_00.jpg?type=thumb&opt=R255x255@2xa
슬라이드 슬리퍼_아이앱스튜디오,"37,000원",https://t1.daumcdn.net/friends/prod/product/20201019155344045_8809721506523_AW_00.jpg?type=thumb&opt=R255x255@2xa
코튼프렌즈 부클슬리퍼_리틀라이언,"24,000원",https://t1.daumcdn.net/friends/prod/product/20201021122046606_8809721505724_AW_00.jpg?type=thumb&opt=R255x255@2xa
코튼프렌즈 부클슬리퍼_리틀어피치,"24,000원",https://t1.daumcdn.net/friends/prod/product/20201021122146705_8809721505731_AW_00.jpg?type=thumb&opt=R255x255@2xa
부클미니백_코끼리어피치,"29,000원",https://t1.daumcdn.net/friends/prod/product/20201021122343561_8809721505281_AW_00.jpg?type=thumb&opt=R255x255@2xa
부클파우치_코끼리어피치,"17,000원",https://t1.daumcdn.net/friends/prod/product/20201021122433863_8809721505298_AW_00.jpg?type=thumb&opt=R255x255@2xa
런던에디션 하트유니언잭키링_라이언,"18,000원",https://t1.daumcdn.net/friends/prod/product/20201021170716306_8809721504239_AW_00.jpg?type=thumb&opt=R255x255@2xa
런던에디션 하트유니언잭키링_어피치,"18,000원",https://t1.daumcdn.net/friends/prod/product/20201021170850056_8809721504246_AW_00.jpg?type=thumb&opt=R255x255@2xa
런던에디션 에코백_근위병라이언,"16,000원",https://t1.daumcdn.net/friends/prod/product/20201019143337722_8809721504307_AW_00.jpg?type=thumb&opt=R255x255@2xa
동전지갑_붕어빵라이언,"12,000원",https://t1.daumcdn.net/friends/prod/product/20201012144344954_8809721505328_AW_00.jpg?type=thumb&opt=R255x255@2xa
동전지갑_고구마어피치,"12,000원",https://t1.daumcdn.net/friends/prod/product/20201012144352844_8809721505335_AW_00.jpg?type=thumb&opt=R255x255@2xa
소프트거울_리틀라이언,"10,000원",https://t1.daumcdn.net/friends/prod/product/20201012150806855_8809721505304_AW_00.jpg?type=thumb&opt=R255x255@2xa
소프트거울_리틀어피치,"10,000원",https://t1.daumcdn.net/friends/prod/product/20201012150823675_8809721505311_AW_00.jpg?type=thumb&opt=R255x255@2xa
에어팟프로케이스 핑거링세트_붕어빵라이언,"18,000원",https://t1.daumcdn.net/friends/prod/product/20201013164648437_8809721505342_AW_00.jpg?type=thumb&opt=R255x255@2xa
마스크_붕어빵라이언,"12,000원",https://t1.daumcdn.net/friends/prod/product/20201012180552929_8809721505397_AW_00.jpg?type=thumb&opt=R255x255@2xa
마스크_만두어피치,"12,000원",https://t1.daumcdn.net/friends/prod/product/20201012180642486_8809721505403_AW_00.jpg?type=thumb&opt=R255x255@2xa
터치장갑_붕어빵라이언,"18,000원",https://t1.daumcdn.net/friends/prod/product/20201012180736994_8809721505373_AW_00.jpg?type=thumb&opt=R255x255@2xa
터치장갑_만두어피치,"18,000원",https://t1.daumcdn.net/friends/prod/product/20201012180837688_8809721505380_AW_00.jpg?type=thumb&opt=R255x255@2xa
커버 장갑 리틀라이언,"24,000원",https://t1.daumcdn.net/friends/prod/product/20201012180926494_8809721505410_AW_00.jpg?type=thumb&opt=R255x255@2xa
커버 장갑 리틀어피치,"24,000원",https://t1.daumcdn.net/friends/prod/product/20201012181039586_8809721505427_AW_00.jpg?type=thumb&opt=R255x255@2xa
러블리어피치 인형 슬리퍼,"28,000원",https://t1.daumcdn.net/friends/prod/product/20200924184032622_8809721503799_AW_00.jpg?type=thumb&opt=R255x255@2xa
러블리어피치 피규어키링_행성어피치,"10,000원",https://t1.daumcdn.net/friends/prod/product/20201005173328581_8809721504062_AW_00.jpg?type=thumb&opt=R255x255@2xa
러블리어피치 피규어키링_수줍어피치,"10,000원",https://t1.daumcdn.net/friends/prod/product/20201005173416281_8809721504079_AW_00.jpg?type=thumb&opt=R255x255@2xa
러블리어피치 안경클리너,"3,500원",https://t1.daumcdn.net/friends/prod/product/20200924184400467_8809721504987_AW_00.jpg?type=thumb&opt=R255x255@2xa
러블리어피치 동전지갑,"12,000원",https://t1.daumcdn.net/friends/prod/product/20200924184416308_8809721503485_AW_00.jpg?type=thumb&opt=R255x255@2xa
러블리어피치 에어팟케이스 글리터,"15,000원",https://t1.daumcdn.net/friends/prod/product/20200921174757140_8809721503522_AW_00.jpg?type=thumb&opt=R255x255@2xa
러블리어피치 에어팟프로케이스 글리터,"15,000원",https://t1.daumcdn.net/friends/prod/product/20200921174912378_8809721503539_AW_00.jpg?type=thumb&opt=R255x255@2xa
러블리어피치 에어팟키링 양어피치,"22,000원",https://t1.daumcdn.net/friends/prod/product/20200921175019393_8809721503508_AW_00.jpg?type=thumb&opt=R255x255@2xa
러블리어피치 에어팟키링 행성어피치,"22,000원",https://t1.daumcdn.net/friends/prod/product/20200921175115732_8809721503515_AW_00.jpg?type=thumb&opt=R255x255@2xa
블랙에어팟케이스_죠르디,"13,000원",https://t1.daumcdn.net/friends/prod/product/20200916120214332_8809721504444_AW_00.jpg?type=thumb&opt=R255x255@2xa
블랙에어팟프로케이스_죠르디,"13,000원",https://t1.daumcdn.net/friends/prod/product/20200916120352392_8809721504451_AW_00.jpg?type=thumb&opt=R255x255@2xa
욕실슬리퍼_리틀라이언,"13,000원",https://t1.daumcdn.net/friends/prod/product/20201111154648706_8809721505977_AW_00.jpg?type=thumb&opt=R255x255@2xa
욕실슬리퍼_리틀어피치,"13,000원",https://t1.daumcdn.net/friends/prod/product/20201111154801615_8809721505984_AW_00.jpg?type=thumb&opt=R255x255@2xa
크리스마스트리 피규어키링_어피치,"10,000원",https://t1.daumcdn.net/friends/prod/product/20201109165917560_8809721506356_AW_00.jpg?type=thumb&opt=R255x255@2xa
클래식 미니크로스백_라이언,"49,000원",https://t1.daumcdn.net/friends/prod/product/20201104185242034_8809721506097_AW_00.jpg?type=thumb&opt=R255x255@2xa
클래식 중지갑_라이언,"44,000원",https://t1.daumcdn.net/friends/prod/product/20201104185141520_8809721506059_AW_00.jpg?type=thumb&opt=R255x255@2xa
클래식 중지갑_어피치,"44,000원",https://t1.daumcdn.net/friends/prod/product/20201104185152623_8809721506066_AW_00.jpg?type=thumb&opt=R255x255@2xa
클래식 지퍼카드지갑_라이언,"27,000원",https://t1.daumcdn.net/friends/prod/product/20201104185208837_8809721506073_AW_00.jpg?type=thumb&opt=R255x255@2xa
클래식 입체카드지갑_어피치,"27,000원",https://t1.daumcdn.net/friends/prod/product/20201104185228388_8809721506080_AW_00.jpg?type=thumb&opt=R255x255@2xa
포근한 털슬리퍼_라이언,"29,000원",https://t1.daumcdn.net/friends/prod/product/20201020152959403_8809721505755_AW_00.jpg?type=thumb&opt=R255x255@2xa
포근한 털슬리퍼_어피치,"29,000원",https://t1.daumcdn.net/friends/prod/product/20201020153058239_8809721505762_AW_00.jpg?type=thumb&opt=R255x255@2xa
슬라이드 슬리퍼_아이앱스튜디오,"37,000원",https://t1.daumcdn.net/friends/prod/product/20201019155344045_8809721506523_AW_00.jpg?type=thumb&opt=R255x255@2xa
코튼프렌즈 부클슬리퍼_리틀라이언,"24,000원",https://t1.daumcdn.net/friends/prod/product/20201021122046606_8809721505724_AW_00.jpg?type=thumb&opt=R255x255@2xa
코튼프렌즈 부클슬리퍼_리틀어피치,"24,000원",https://t1.daumcdn.net/friends/prod/product/20201021122146705_8809721505731_AW_00.jpg?type=thumb&opt=R255x255@2xa
부클미니백_코끼리어피치,"29,000원",https://t1.daumcdn.net/friends/prod/product/20201021122343561_8809721505281_AW_00.jpg?type=thumb&opt=R255x255@2xa
부클파우치_코끼리어피치,"17,000원",https://t1.daumcdn.net/friends/prod/product/20201021122433863_8809721505298_AW_00.jpg?type=thumb&opt=R255x255@2xa
런던에디션 하트유니언잭키링_라이언,"18,000원",https://t1.daumcdn.net/friends/prod/product/20201021170716306_8809721504239_AW_00.jpg?type=thumb&opt=R255x255@2xa
런던에디션 하트유니언잭키링_어피치,"18,000원",https://t1.daumcdn.net/friends/prod/product/20201021170850056_8809721504246_AW_00.jpg?type=thumb&opt=R255x255@2xa
런던에디션 에코백_근위병라이언,"16,000원",https://t1.daumcdn.net/friends/prod/product/20201019143337722_8809721504307_AW_00.jpg?type=thumb&opt=R255x255@2xa
동전지갑_붕어빵라이언,"12,000원",https://t1.daumcdn.net/friends/prod/product/20201012144344954_8809721505328_AW_00.jpg?type=thumb&opt=R255x255@2xa
동전지갑_고구마어피치,"12,000원",https://t1.daumcdn.net/friends/prod/product/20201012144352844_8809721505335_AW_00.jpg?type=thumb&opt=R255x255@2xa
소프트거울_리틀라이언,"10,000원",https://t1.daumcdn.net/friends/prod/product/20201012150806855_8809721505304_AW_00.jpg?type=thumb&opt=R255x255@2xa
소프트거울_리틀어피치,"10,000원",https://t1.daumcdn.net/friends/prod/product/20201012150823675_8809721505311_AW_00.jpg?type=thumb&opt=R255x255@2xa
에어팟프로케이스 핑거링세트_붕어빵라이언,"18,000원",https://t1.daumcdn.net/friends/prod/product/20201013164648437_8809721505342_AW_00.jpg?type=thumb&opt=R255x255@2xa
마스크_붕어빵라이언,"12,000원",https://t1.daumcdn.net/friends/prod/product/20201012180552929_8809721505397_AW_00.jpg?type=thumb&opt=R255x255@2xa
마스크_만두어피치,"12,000원",https://t1.daumcdn.net/friends/prod/product/20201012180642486_8809721505403_AW_00.jpg?type=thumb&opt=R255x255@2xa
터치장갑_붕어빵라이언,"18,000원",https://t1.daumcdn.net/friends/prod/product/20201012180736994_8809721505373_AW_00.jpg?type=thumb&opt=R255x255@2xa
터치장갑_만두어피치,"18,000원",https://t1.daumcdn.net/friends/prod/product/20201012180837688_8809721505380_AW_00.jpg?type=thumb&opt=R255x255@2xa
커버 장갑 리틀라이언,"24,000원",https://t1.daumcdn.net/friends/prod/product/20201012180926494_8809721505410_AW_00.jpg?type=thumb&opt=R255x255@2xa
커버 장갑 리틀어피치,"24,000원",https://t1.daumcdn.net/friends/prod/product/20201012181039586_8809721505427_AW_00.jpg?type=thumb&opt=R255x255@2xa
러블리어피치 인형 슬리퍼,"28,000원",https://t1.daumcdn.net/friends/prod/product/20200924184032622_8809721503799_AW_00.jpg?type=thumb&opt=R255x255@2xa
러블리어피치 피규어키링_행성어피치,"10,000원",https://t1.daumcdn.net/friends/prod/product/20201005173328581_8809721504062_AW_00.jpg?type=thumb&opt=R255x255@2xa
러블리어피치 피규어키링_수줍어피치,"10,000원",https://t1.daumcdn.net/friends/prod/product/20201005173416281_8809721504079_AW_00.jpg?type=thumb&opt=R255x255@2xa
러블리어피치 안경클리너,"3,500원",https://t1.daumcdn.net/friends/prod/product/20200924184400467_8809721504987_AW_00.jpg?type=thumb&opt=R255x255@2xa
러블리어피치 동전지갑,"12,000원",https://t1.daumcdn.net/friends/prod/product/20200924184416308_8809721503485_AW_00.jpg?type=thumb&opt=R255x255@2xa
러블리어피치 에어팟케이스 글리터,"15,000원",https://t1.daumcdn.net/friends/prod/product/20200921174757140_8809721503522_AW_00.jpg?type=thumb&opt=R255x255@2xa
러블리어피치 에어팟프로케이스 글리터,"15,000원",https://t1.daumcdn.net/friends/prod/product/20200921174912378_8809721503539_AW_00.jpg?type=thumb&opt=R255x255@2xa
러블리어피치 에어팟키링 양어피치,"22,000원",https://t1.daumcdn.net/friends/prod/product/20200921175019393_8809721503508_AW_00.jpg?type=thumb&opt=R255x255@2xa
러블리어피치 에어팟키링 행성어피치,"22,000원",https://t1.daumcdn.net/friends/prod/product/20200921175115732_8809721503515_AW_00.jpg?type=thumb&opt=R255x255@2xa
블랙에어팟케이스_죠르디,"13,000원",https://t1.daumcdn.net/friends/prod/product/20200916120214332_8809721504444_AW_00.jpg?type=thumb&opt=R255x255@2xa
블랙에어팟프로케이스_죠르디,"13,000원",https://t1.daumcdn.net/friends/prod/product/20200916120352392_8809721504451_AW_00.jpg?type=thumb&opt=R255x255@2xa
욕실슬리퍼_리틀라이언,"13,000원",https://t1.daumcdn.net/friends/prod/product/20201111154648706_8809721505977_AW_00.jpg?type=thumb&opt=R255x255@2xa
욕실슬리퍼_리틀어피치,"13,000원",https://t1.daumcdn.net/friends/prod/product/20201111154801615_8809721505984_AW_00.jpg?type=thumb&opt=R255x255@2xa
크리스마스트리 피규어키링_어피치,"10,000원",https://t1.daumcdn.net/friends/prod/product/20201109165917560_8809721506356_AW_00.jpg?type=thumb&opt=R255x255@2xa
클래식 미니크로스백_라이언,"49,000원",https://t1.daumcdn.net/friends/prod/product/20201104185242034_8809721506097_AW_00.jpg?type=thumb&opt=R255x255@2xa
클래식 중지갑_라이언,"44,000원",https://t1.daumcdn.net/friends/prod/product/20201104185141520_8809721506059_AW_00.jpg?type=thumb&opt=R255x255@2xa
클래식 중지갑_어피치,"44,000원",https://t1.daumcdn.net/friends/prod/product/20201104185152623_8809721506066_AW_00.jpg?type=thumb&opt=R255x255@2xa
클래식 지퍼카드지갑_라이언,"27,000원",https://t1.daumcdn.net/friends/prod/product/20201104185208837_8809721506073_AW_00.jpg?type=thumb&opt=R255x255@2xa
클래식 입체카드지갑_어피치,"27,000원",https://t1.daumcdn.net/friends/prod/product/20201104185228388_8809721506080_AW_00.jpg?type=thumb&opt=R255x255@2xa
포근한 털슬리퍼_라이언,"29,000원",https://t1.daumcdn.net/friends/prod/product/20201020152959403_8809721505755_AW_00.jpg?type=thumb&opt=R255x255@2xa
포근한 털슬리퍼_어피치,"29,000원",https://t1.daumcdn.net/friends/prod/product/20201020153058239_8809721505762_AW_00.jpg?type=thumb&opt=R255x255@2xa
슬라이드 슬리퍼_아이앱스튜디오,"37,000원",https://t1.daumcdn.net/friends/prod/product/20201019155344045_8809721506523_AW_00.jpg?type=thumb&opt=R255x255@2xa
코튼프렌즈 부클슬리퍼_리틀라이언,"24,000원",https://t1.daumcdn.net/friends/prod/product/20201021122046606_8809721505724_AW_00.jpg?type=thumb&opt=R255x255@2xa
코튼프렌즈 부클슬리퍼_리틀어피치,"24,000원",https://t1.daumcdn.net/friends/prod/product/20201021122146705_8809721505731_AW_00.jpg?type=thumb&opt=R255x255@2xa
부클미니백_코끼리어피치,"29,000원",https://t1.daumcdn.net/friends/prod/product/20201021122343561_8809721505281_AW_00.jpg?type=thumb&opt=R255x255@2xa
부클파우치_코끼리어피치,"17,000원",https://t1.daumcdn.net/friends/prod/product/20201021122433863_8809721505298_AW_00.jpg?type=thumb&opt=R255x255@2xa
런던에디션 하트유니언잭키링_라이언,"18,000원",https://t1.daumcdn.net/friends/prod/product/20201021170716306_8809721504239_AW_00.jpg?type=thumb&opt=R255x255@2xa
런던에디션 하트유니언잭키링_어피치,"18,000원",https://t1.daumcdn.net/friends/prod/product/20201021170850056_8809721504246_AW_00.jpg?type=thumb&opt=R255x255@2xa
런던에디션 에코백_근위병라이언,"16,000원",https://t1.daumcdn.net/friends/prod/product/20201019143337722_8809721504307_AW_00.jpg?type=thumb&opt=R255x255@2xa
동전지갑_붕어빵라이언,"12,000원",https://t1.daumcdn.net/friends/prod/product/20201012144344954_8809721505328_AW_00.jpg?type=thumb&opt=R255x255@2xa
동전지갑_고구마어피치,"12,000원",https://t1.daumcdn.net/friends/prod/product/20201012144352844_8809721505335_AW_00.jpg?type=thumb&opt=R255x255@2xa
소프트거울_리틀라이언,"10,000원",https://t1.daumcdn.net/friends/prod/product/20201012150806855_8809721505304_AW_00.jpg?type=thumb&opt=R255x255@2xa
소프트거울_리틀어피치,"10,000원",https://t1.daumcdn.net/friends/prod/product/20201012150823675_8809721505311_AW_00.jpg?type=thumb&opt=R255x255@2xa
에어팟프로케이스 핑거링세트_붕어빵라이언,"18,000원",https://t1.daumcdn.net/friends/prod/product/20201013164648437_8809721505342_AW_00.jpg?type=thumb&opt=R255x255@2xa
마스크_붕어빵라이언,"12,000원",https://t1.daumcdn.net/friends/prod/product/20201012180552929_8809721505397_AW_00.jpg?type=thumb&opt=R255x255@2xa
마스크_만두어피치,"12,000원",https://t1.daumcdn.net/friends/prod/product/20201012180642486_8809721505403_AW_00.jpg?type=thumb&opt=R255x255@2xa
터치장갑_붕어빵라이언,"18,000원",https://t1.daumcdn.net/friends/prod/product/20201012180736994_8809721505373_AW_00.jpg?type=thumb&opt=R255x255@2xa
터치장갑_만두어피치,"18,000원",https://t1.daumcdn.net/friends/prod/product/20201012180837688_8809721505380_AW_00.jpg?type=thumb&opt=R255x255@2xa
커버 장갑 리틀라이언,"24,000원",https://t1.daumcdn.net/friends/prod/product/20201012180926494_8809721505410_AW_00.jpg?type=thumb&opt=R255x255@2xa
커버 장갑 리틀어피치,"24,000원",https://t1.daumcdn.net/friends/prod/product/20201012181039586_8809721505427_AW_00.jpg?type=thumb&opt=R255x255@2xa
러블리어피치 인형 슬리퍼,"28,000원",https://t1.daumcdn.net/friends/prod/product/20200924184032622_8809721503799_AW_00.jpg?type=thumb&opt=R255x255@2xa
러블리어피치 피규어키링_행성어피치,"10,000원",https://t1.daumcdn.net/friends/prod/product/20201005173328581_8809721504062_AW_00.jpg?type=thumb&opt=R255x255@2xa
러블리어피치 피규어키링_수줍어피치,"10,000원",https://t1.daumcdn.net/friends/prod/product/20201005173416281_8809721504079_AW_00.jpg?type=thumb&opt=R255x255@2xa
러블리어피치 안경클리너,"3,500원",https://t1.daumcdn.net/friends/prod/product/20200924184400467_8809721504987_AW_00.jpg?type=thumb&opt=R255x255@2xa
러블리어피치 동전지갑,"12,000원",https://t1.daumcdn.net/friends/prod/product/20200924184416308_8809721503485_AW_00.jpg?type=thumb&opt=R255x255@2xa
러블리어피치 에어팟케이스 글리터,"15,000원",https://t1.daumcdn.net/friends/prod/product/20200921174757140_8809721503522_AW_00.jpg?type=thumb&opt=R255x255@2xa
러블리어피치 에어팟프로케이스 글리터,"15,000원",https://t1.daumcdn.net/friends/prod/product/20200921174912378_8809721503539_AW_00.jpg?type=thumb&opt=R255x255@2xa
러블리어피치 에어팟키링 양어피치,"22,000원",https://t1.daumcdn.net/friends/prod/product/20200921175019393_8809721503508_AW_00.jpg?type=thumb&opt=R255x255@2xa
러블리어피치 에어팟키링 행성어피치,"22,000원",https://t1.daumcdn.net/friends/prod/product/20200921175115732_8809721503515_AW_00.jpg?type=thumb&opt=R255x255@2xa
블랙에어팟케이스_죠르디,"13,000원",https://t1.daumcdn.net/friends/prod/product/20200916120214332_8809721504444_AW_00.jpg?type=thumb&opt=R255x255@2xa
블랙에어팟프로케이스_죠르디,"13,000원",https://t1.daumcdn.net/friends/prod/product/20200916120352392_8809721504451_AW_00.jpg?type=thumb&opt=R255x255@2xa
욕실슬리퍼_리틀라이언,"13,000원",https://t1.daumcdn.net/friends/prod/product/20201111154648706_8809721505977_AW_00.jpg?type=thumb&opt=R255x255@2xa
욕실슬리퍼_리틀어피치,"13,000원",https://t1.daumcdn.net/friends/prod/product/20201111154801615_8809721505984_AW_00.jpg?type=thumb&opt=R255x255@2xa
크리스마스트리 피규어키링_어피치,"10,000원",https://t1.daumcdn.net/friends/prod/product/20201109165917560_8809721506356_AW_00.jpg?type=thumb&opt=R255x255@2xa
클래식 미니크로스백_라이언,"49,000원",https://t1.daumcdn.net/friends/prod/product/20201104185242034_8809721506097_AW_00.jpg?type=thumb&opt=R255x255@2xa
클래식 중지갑_라이언,"44,000원",https://t1.daumcdn.net/friends/prod/product/20201104185141520_8809721506059_AW_00.jpg?type=thumb&opt=R255x255@2xa
클래식 중지갑_어피치,"44,000원",https://t1.daumcdn.net/friends/prod/product/20201104185152623_8809721506066_AW_00.jpg?type=thumb&opt=R255x255@2xa
클래식 지퍼카드지갑_라이언,"27,000원",https://t1.daumcdn.net/friends/prod/product/20201104185208837_8809721506073_AW_00.jpg?type=thumb&opt=R255x255@2xa
클래식 입체카드지갑_어피치,"27,000원",https://t1.daumcdn.net/friends/prod/product/20201104185228388_8809721506080_AW_00.jpg?type=thumb&opt=R255x255@2xa
포근한 털슬리퍼_라이언,"29,000원",https://t1.daumcdn.net/friends/prod/product/20201020152959403_8809721505755_AW_00.jpg?type=thumb&opt=R255x255@2xa
포근한 털슬리퍼_어피치,"29,000원",https://t1.daumcdn.net/friends/prod/product/20201020153058239_8809721505762_AW_00.jpg?type=thumb&opt=R255x255@2xa
슬라이드 슬리퍼_아이앱스튜디오,"37,000원",https://t1.daumcdn.net/friends/prod/product/20201019155344045_8809721506523_AW_00.jpg?type=thumb&opt=R255x255@2xa
코튼프렌즈 부클슬리퍼_리틀라이언,"24,000원",https://t1.daumcdn.net/friends/prod/product/20201021122046606_8809721505724_AW_00.jpg?type=thumb&opt=R255x255@2xa
코튼프렌즈 부클슬리퍼_리틀어피치,"24,000원",https://t1.daumcdn.net/friends/prod/product/20201021122146705_8809721505731_AW_00.jpg?type=thumb&opt=R255x255@2xa
부클미니백_코끼리어피치,"29,000원",https://t1.daumcdn.net/friends/prod/product/20201021122343561_8809721505281_AW_00.jpg?type=thumb&opt=R255x255@2xa
부클파우치_코끼리어피치,"17,000원",https://t1.daumcdn.net/friends/prod/product/20201021122433863_8809721505298_AW_00.jpg?type=thumb&opt=R255x255@2xa
런던에디션 하트유니언잭키링_라이언,"18,000원",https://t1.daumcdn.net/friends/prod/product/20201021170716306_8809721504239_AW_00.jpg?type=thumb&opt=R255x255@2xa
런던에디션 하트유니언잭키링_어피치,"18,000원",https://t1.daumcdn.net/friends/prod/product/20201021170850056_8809721504246_AW_00.jpg?type=thumb&opt=R255x255@2xa
런던에디션 에코백_근위병라이언,"16,000원",https://t1.daumcdn.net/friends/prod/product/20201019143337722_8809721504307_AW_00.jpg?type=thumb&opt=R255x255@2xa
동전지갑_붕어빵라이언,"12,000원",https://t1.daumcdn.net/friends/prod/product/20201012144344954_8809721505328_AW_00.jpg?type=thumb&opt=R255x255@2xa
동전지갑_고구마어피치,"12,000원",https://t1.daumcdn.net/friends/prod/product/20201012144352844_8809721505335_AW_00.jpg?type=thumb&opt=R255x255@2xa
소프트거울_리틀라이언,"10,000원",https://t1.daumcdn.net/friends/prod/product/20201012150806855_8809721505304_AW_00.jpg?type=thumb&opt=R255x255@2xa
소프트거울_리틀어피치,"10,000원",https://t1.daumcdn.net/friends/prod/product/20201012150823675_8809721505311_AW_00.jpg?type=thumb&opt=R255x255@2xa
에어팟프로케이스 핑거링세트_붕어빵라이언,"18,000원",https://t1.daumcdn.net/friends/prod/product/20201013164648437_8809721505342_AW_00.jpg?type=thumb&opt=R255x255@2xa
마스크_붕어빵라이언,"12,000원",https://t1.daumcdn.net/friends/prod/product/20201012180552929_8809721505397_AW_00.jpg?type=thumb&opt=R255x255@2xa
마스크_만두어피치,"12,000원",https://t1.daumcdn.net/friends/prod/product/20201012180642486_8809721505403_AW_00.jpg?type=thumb&opt=R255x255@2xa
터치장갑_붕어빵라이언,"18,000원",https://t1.daumcdn.net/friends/prod/product/20201012180736994_8809721505373_AW_00.jpg?type=thumb&opt=R255x255@2xa
터치장갑_만두어피치,"18,000원",https://t1.daumcdn.net/friends/prod/product/20201012180837688_8809721505380_AW_00.jpg?type=thumb&opt=R255x255@2xa
커버 장갑 리틀라이언,"24,000원",https://t1.daumcdn.net/friends/prod/product/20201012180926494_8809721505410_AW_00.jpg?type=thumb&opt=R255x255@2xa
커버 장갑 리틀어피치,"24,000원",https://t1.daumcdn.net/friends/prod/product/20201012181039586_8809721505427_AW_00.jpg?type=thumb&opt=R255x255@2xa
러블리어피치 인형 슬리퍼,"28,000원",https://t1.daumcdn.net/friends/prod/product/20200924184032622_8809721503799_AW_00.jpg?type=thumb&opt=R255x255@2xa
러블리어피치 피규어키링_행성어피치,"10,000원",https://t1.daumcdn.net/friends/prod/product/20201005173328581_8809721504062_AW_00.jpg?type=thumb&opt=R255x255@2xa
러블리어피치 피규어키링_수줍어피치,"10,000원",https://t1.daumcdn.net/friends/prod/product/20201005173416281_8809721504079_AW_00.jpg?type=thumb&opt=R255x255@2xa
러블리어피치 안경클리너,"3,500원",https://t1.daumcdn.net/friends/prod/product/20200924184400467_8809721504987_AW_00.jpg?type=thumb&opt=R255x255@2xa
러블리어피치 동전지갑,"12,000원",https://t1.daumcdn.net/friends/prod/product/20200924184416308_8809721503485_AW_00.jpg?type=thumb&opt=R255x255@2xa
러블리어피치 에어팟케이스 글리터,"15,000원",https://t1.daumcdn.net/friends/prod/product/20200921174757140_8809721503522_AW_00.jpg?type=thumb&opt=R255x255@2xa
러블리어피치 에어팟프로케이스 글리터,"15,000원",https://t1.daumcdn.net/friends/prod/product/20200921174912378_8809721503539_AW_00.jpg?type=thumb&opt=R255x255@2xa
러블리어피치 에어팟키링 양어피치,"22,000원",https://t1.daumcdn.net/friends/prod/product/20200921175019393_8809721503508_AW_00.jpg?type=thumb&opt=R255x255@2xa
러블리어피치 에어팟키링 행성어피치,"22,000원",https://t1.daumcdn.net/friends/prod/product/20200921175115732_8809721503515_AW_00.jpg?type=thumb&opt=R255x255@2xa
블랙에어팟케이스_죠르디,"13,000원",https://t1.daumcdn.net/friends/prod/product/20200916120214332_8809721504444_AW_00.jpg?type=thumb&opt=R255x255@2xa
블랙에어팟프로케이스_죠르디,"13,000원",https://t1.daumcdn.net/friends/prod/product/20200916120352392_8809721504451_AW_00.jpg?type=thumb&opt=R255x255@2xa
